,file_name,recall_0.1,recall_0.25,recall_0.5,recall_0.75,recall_0.9,wss_0.95,loss,erf_0.1,atd,tp_0.1,tp_0.25,tp_0.5,tp_0.75,tp_0.8,tp_0.85,tp_0.9,tp_0.95,tp_1.0,fp_0.1,fp_0.25,fp_0.5,fp_0.75,fp_0.8,fp_0.85,fp_0.9,fp_0.95,fp_1.0,tn_0.1,tn_0.25,tn_0.5,tn_0.75,tn_0.8,tn_0.85,tn_0.9,tn_0.95,tn_1.0,fn_0.1,fn_0.25,fn_0.5,fn_0.75,fn_0.8,fn_0.85,fn_0.9,fn_0.95,fn_1.0,tnr_0.1,tnr_0.25,tnr_0.5,tnr_0.75,tnr_0.8,tnr_0.85,tnr_0.9,tnr_0.95,tnr_1.0
0,metrics_sim_custom_priors.json,0.6666666666666666,0.9333333333333333,1.0,1.0,1.0,0.7054263565891473,0.06831275720164609,0.6,24.6,1,3,7,11,12,12,13,14,15,0,5,6,23,23,23,23,37,74,243,238,237,220,220,220,220,206,169,14,12,8,4,3,3,2,1,0,1.0,0.979424,0.975309,0.90535,0.90535,0.90535,0.90535,0.847737,0.695473
1,metrics_sim_minimal_priors.json,0.6,0.9333333333333333,1.0,1.0,1.0,0.7131782945736435,0.08203017832647462,0.5333333333333333,27.933333333333334,1,3,7,11,12,12,13,14,15,6,6,14,22,22,22,27,35,88,237,237,229,221,221,221,216,208,155,14,12,8,4,3,3,2,1,0,0.975309,0.975309,0.942387,0.909465,0.909465,0.909465,0.888889,0.855967,0.63786
